Preset,Section,Key Cnt,Value Type,,,
Value,GlobalText,784,0-%d 1-%u 2-%f 3-%s 4-b,,,
Index,Dat,Type,Key,Value_KR,Value_US,Comment
0,3,string,Intro_01,"??? ? ???, ????? ???? ?????.",,??? ???
1,3,string,Intro_02,???? ?? ??? ??? ??? ??..,,??? ???
2,3,string,Intro_03,???? ? ?? ??? ???? ???.,,??? ???
3,3,string,Intro_04,"???? ???? ?? ??? ?????,",,??? ???
4,3,string,Intro_05,OMD?? ??? ??? ????? ?????.,,??? ???
5,3,string,Intro_06,??? ?? ??? ?????.,,??? ???
6,3,string,Intro_07,??? ????? ??? ??? ??? ????...,,??? ???
7,3,string,Intro_08,? ????? ??? ???? ??? ???? ??? ??? ????.,,??? ???
8,3,string,Intro_09,OMD ??? ?????? ? ????? HUV?? ????,,??? ???
9,3,string,Intro_10,??? ???? ?? ? ??? ??????? ??? ??? ??.,,??? ???
10,3,string,Intro_11,???? ? ??? ?? ??????,,??? ???
11,3,string,Intro_12,     ?? ??? ?? ?????? ??? ???..,,??? ???
0,3,string,B0_IntroName,??? - ???,,??? ??
1,3,string,B0_IntroText,??? ?????? ?? ??? ?? ??? ??? ? ?? ????. ??? ?? ??? ?? ?????? ?? ? ????. ,,??????? ???? ???? ?? ??
2,3,string,B0_IntroCharUIName,ch_1st_0003_01,,???
3,3,string,B1_IntroName,??? - ??,,?? ??
4,3,string,B1_IntroText,"??? ???? ?? ?? ?????!
??? ??? ????? ?? ?? ?? ???!!",,??????? ???? ??? ?? ??
5,3,string,B1_IntroCharUIName,ch_1st_0032_01,,??
6,3,string,B2_IntroName,??? - ?,,?? ??
7,3,string,B2_IntroText,"?? 1? ??? ???? ?? ?? ?????!
??? ??? ????? ?? ?? ?? ???!!",,??????? ???? ?? ?? ??
8,3,string,B2_IntroCharUIName,ch_1st_0032_01,,??
9,3,string,Index0,??? ????,,Index Title
10,3,string,Index1,?????,,Index Title
11,3,string,Index2,????,,Index Title
12,3,string,Index3,???,,Index Title
13,3,string,Index4,????,,Index Title
14,3,string,Index5,??? ??,,Index Title
15,3,string,Index6,?? ???,,Index Title
16,3,string,Index7,???,,Index Title
17,3,string,Index8,?? ????,,Index Title
18,3,string,Index9,?? ??,,Index Title
19,3,string,Index10,????,,Index Title
20,3,string,Index11,???? ????,,Index Title
21,3,string,Index12,??? ????,,Index Title
22,3,string,Index13,??? ??/???,,Index Title
23,3,string,Index14,???? ????,,Index Title
24,3,string,Index15,???/????,,Index Title
25,3,string,Index16,??? ????,,Index Title
26,3,string,Index17,?-??/??,,Index Title
27,3,string,Index18,?-??/??,,Index Title
28,3,string,Index19,???,,Index Title
29,3,string,Index20,???-???,,Index Title
30,3,string,EnableEventPopup,0,0,Show event popup window at close
31,3,string,MainDomain_Alpha,www.pcbang.com,www.pcbang.com,Main domain - For test server
32,3,string,MainDomain_Real,www.pcbang.com,www.pcbang.com,Main domain - For real server
33,3,string,SubAddressBegin,_event/boomup/SkidRush_pop1_check.jsp?memberid=,_event/boomup/SkidRush_pop1_check.jsp?memberid=,Sub first domain
34,3,string,SubAddressEnd,,,Sub last domain
35,3,string,ShowPopupFullscreen,0,0,Web Window Screen
36,3,string,PopupWidth,455,455,Window Width
37,3,string,PopupHeight,435,435,Window Height
38,3,string,EnableIEMinimize,1,1,Minimize IE at startup
39,3,string,moonpalace_turotial,????,Tutorial,???? ??
40,3,string,moonpalace_track01,???? ??,The MoonPalace Downtown,???
41,3,string,moonpalace_track02,?????,The Moon Island,???
42,3,string,moonpalace_track03,???? ??,The MoonPalace Crossing,???
43,3,string,moonpalace_track04,????,The Polygon Street,???
44,3,string,moonpalace_track05,???? ??,The Windy Hill,???
45,3,string,moonpalace_track06,???? ???,The Elmarion Univercity,???
46,3,string,moonpalace_track07,M??? ???,The Crossroad of M-Mart,???
47,3,string,moonpalace_track08,????,The Mitos Mountain,???
48,3,string,moonpalace_track09,???? ?? ???,The MoonPalace Downtown Reverse,???
49,3,string,moonpalace_track10,????? ???,The Moon Island Reverse,???
50,3,string,moonpalace_track11,???? ?? ???,The MoonPalace Crossing Reverse,???
51,3,string,moonpalace_track12,???? ???,The Polygon Street Reverse,???
52,3,string,moonpalace_track13,???? ?? ???,The Windy Hill Reverse,???
53,3,string,moonpalace_track14,???? ??? ???,The Elmarion Univercity Reverse,???
54,3,string,moonpalace_track15,M??? ??? ???,The Crossroad of M-Mart Reverse,???
55,3,string,moonpalace_track16,???? ???,The Mitos Mountain Reverse,???
56,3,string,koinonia_track01,????? ???,The Koinonia Observatory,???
57,3,string,koinonia_track02,????? ??,The Koinonia Port,???
58,3,string,koinonia_track03,??? ??,The Frau Tunnel,???
59,3,string,koinonia_track04,????? ?? ??,The Koinonia Narrow Road,???
60,3,string,koinonia_track05,????? ???,The Koinonia Factory,???
61,3,string,koinonia_track06,???? ?????,The Zigzag Crossway,???
62,3,string,koinonia_track07,????? ???,The Koinonia Apartment,???
63,3,string,koinonia_track08,????? ??? ???,The Koinonia Observatory Reverse,???
64,3,string,koinonia_track09,????? ?? ???,The Koinonia Port Reverse,???
65,3,string,koinonia_track10,??? ?? ???,The Frau Tunnel Reverse,???
66,3,string,koinonia_track11,????? ?? ?? ???,The Koinonia Narrow Road Reverse,???
67,3,string,koinonia_track12,????? ??? ???,The Koinonia Factory Reverse,???
68,3,string,koinonia_track13,???? ????? ???,The Zigzag Crossway of Traffic Jam,???
69,3,string,koinonia_track14,????? ??? ???,The Koinonia Apartment Reverse,???
70,3,string,cras_track01,?????,The Orc Shopping Quarters,???
71,3,string,cras_track02,??? ???,The Cras Rocky Mountain,???
72,3,string,cras_track03,??? ????,The Cras Stope,???
73,3,string,cras_track04,??? ????,The Cras Engineering College,???
74,3,string,cras_track05,?? ????,The Higher Rank Mountain Way,???
75,3,string,cras_track06,??? ????,The Cras High Level Road,???
76,3,string,cras_track07,??? ?????,The Cras Gymnasium,???
77,3,string,cras_track08,????? ???,The Orc Shopping Quarters Reverse,???
78,3,string,cras_track09,??? ??? ???,The Cras Rocky Mountain Reverse,???
79,3,string,cras_track10,??? ???? ???,The Cras Stope Reverse,???
80,3,string,cras_track11,??? ???? ???,The Cras Engineering College Reverse,???
81,3,string,cras_track12,?? ???? ???,The Higher Rank Mountain Way Reverse,???
82,3,string,cras_track13,??? ???? ???,The Cras High Level Road Reverse,???
83,3,string,cras_track14,??? ????? ???,The Cras Gymnasium Reverse,???
84,3,string,1,? ????? ??????? ????? ????? ???? ???.,,???????
85,3,string,2,??,,???????
86,3,string,3,"?? ?? ? ??? ???????.

??? ??? ?? ? ?? ??? ? ???.",,
87,3,string,4,????? ?? ??,,
88,3,string,5,????? ?? ? ???. ?? ?? ??? ?? ?? ?????? ????.,,
89,3,string,6,??? ?? ?????? ????? ?? ?? ? ???. ?? ?? ? ?? ?????? ????.,,
90,3,string,7,???? ??? ?????. ??? ? ?? ?????? ??? ? ?? ?? ?????? ??? ? ??? ??? ????.,,
91,3,string,8,???? ??? ??? ???????. ???? ?? ??? ?????? ????.,,
92,3,string,9,???? ?? ??? ??? ???????. ??? ?????(IE)? ?? ?????? ????.,,
93,3,string,10,???? ??? ??????. ???? ?? ??? ?? ?????? ????.,,
94,3,string,11,?? ????? ???????. ???? ????? ??? ? ?? ?????? ????.,,
95,3,string,12,???? ????? ???????. ??? ?? ?? ?? ?? ??? ? ?? ??? ??? ??? ??? ????.,,
96,3,string,13,"???? ???? ?? ??? ???????. ?? ? ??? ????, ?? ???? ??? ??? ??? ??? ????.",,
97,3,string,14,"???? ????? ???? ? ????. ???? ??? ?? ?? ?? ? ??? ?????, PC ?? ????? ????? ??? ??? ??? ????.",,
98,3,string,15,???? ? ??? ?? ?? ??? ?? ????. ??? ????? ????? ?? ??? ? ????.,,
99,3,string,16,???? ?? ? ??? ???????. ?? ?? ?? GameGuard ??? ?? *.erl ???? game@inca.co.kr? ???? ?? ????? ????.,,
100,3,string,17,???? ?? : %lu,,
101,3,string,18,???? ??? ?? : %lu,,
102,3,string,19,????? ???????.,,
103,3,string,20,???? ???????.,,
104,3,string,21,???? ????? ???????.,,
105,3,string,10000,?? ???,,
106,3,string,10001,?? ?? ??,,
107,3,string,10002,?? ?? ??,,
108,3,string,10003,?? ???,,
109,3,string,10004,??? ???,,
110,3,string,10005,?? ???,,
111,3,string,10006,?? ?? ??,,
112,3,string,10007,?? ?? ??,,
113,3,string,10008,??? ???,,
114,3,string,10009,?? ???,,
115,3,string,10010,?? ?? ??,,
116,3,string,10011,?? ?? ??,,
117,3,string,10012,Area ?? ?? ??,,
118,3,string,10013,Game ?? ?? ??,,
119,3,string,10014,??? ???,,
120,3,string,10015,???,,???
121,3,string,10016,%s ?? ???????.,,
122,3,string,10017,%s ? ??? ???????.,,
123,3,string,10018,%s ??? ???????.,,
124,3,string,10019,??? ???????.,,
125,3,string,10020,%s? ? ??? ?????????,,
126,3,string,10021,%s ? ??? ???????.,,
127,3,string,10022,%s? ? ??? ?????????,,
128,3,string,10023,%s ????? ???????.,,
129,3,string,10024,"???? %d ??
??: ???? ?",,
130,3,string,10025,"???? %d ??
??: ???? ?",,
131,3,string,10026,%s ????? ??? ????? ?????. ?????????,,
132,3,string,10027,???? ??? ???? ????..,,
133,3,string,10028,???? ?? ?? ??? ????.,,
134,3,string,10029,??? ???????.,,
135,3,string,10030,???? ??? ???? ????.,,
136,3,string,10031,?? ????? ??? ?? ??????.,,
137,3,string,10032,???? ?? ?? ??? ????.,,
138,3,string,10033,??? ??????.,,
139,3,string,10034,??: %s,,
140,3,string,10035,"%s ???? ???
%s
?????????",,
141,3,string,10036,??%d : %s,,
142,3,string,10037,??,,
143,3,string,10038,????? ???? %s? ??????,,
144,3,string,10039,??? ??????. ??? ???? ????? ??? ???? ???.,,
145,3,string,10040,??? ???? ???? ??? ? ????.,,
146,3,string,10041,combo ??? Exp %u,,
147,3,string,10042,????? ???????.,,
148,3,string,10043,"?? ???????.
?? ??????.",,
149,3,string,10044,"%s? ??? 5? ???,
'%s'?? ??? ???? ???????.",,
150,3,string,10045,?? ???? ??????.(%d),,
151,3,string,10046,??? ?? ????.,,
152,3,string,10047,???? ????.,,
153,3,string,10048,???? ?? ??????.,,
154,3,string,10049,???? ??????.,,
155,3,string,10050,???? 3? ??? ????. ??? ?? ??????.,,
156,3,string,10051,???? ???????. ??? ?? ??????.,,
157,3,string,10052,%hd ?,,
158,3,string,10053,?????. ??? ?????.,,
159,3,string,10054,%s ?? ?? %d? ?????.,,
160,3,string,10055,???!!! ??? ??? GM ??? ??? 2?!,,
161,3,string,10056,%d mito ??,,
162,3,string,10057,?????.,,
163,3,string,10058,%s : ???,,??????
164,3,string,10059,%s : ???,,??????
165,3,string,10060,%s : ???,,??????
166,3,string,10061,%s : ????,,??????
167,3,string,10062,%s : ??,,??????
168,3,string,10063,%s : ??,,??????
169,3,string,10064,%s : ??,,??????
170,3,string,10065,"???? ???
????? ???? ???
???? ????.",,
171,3,string,10066,"OMD ?? ???? ??? ?? ??? ???? ??? ? ????.
???? ??? ??? ???? ?????.",,
172,3,string,10067,"???? ??? ?? ???? ?????.
?????????",,
173,3,string,10068,31???? ??? ?????.,,
174,3,string,10069,ROUND 1,,
175,3,string,10070,ROUND 2,,
176,3,string,10071,ROUND 3,,
177,3,string,10072,?? ?? ? :,,
178,3,string,10073,%u? %u?,,
179,3,string,10074,?????? :,,
180,3,string,10075,? ? ? ?,,
181,3,string,10076,%d?,,
182,3,string,10077,?? ???? ????? ?????.,,
183,3,string,10078,??? :,,
184,3,string,10079,???? :,,
185,3,string,10080,????? ??????. ??? ??? ?????.,,
186,3,string,10081,??? ?? ????? ???? ?????.,,
187,3,string,10082,????,,????
188,3,string,10083,?????,,????
189,3,string,10084,???,,????
190,3,string,10085,???,,????
191,3,string,10086,%s ?? %d ??? ?? ????.,,
192,3,string,10087,??? ?? ??.,,
193,3,string,10088,???? ?????.,,
194,3,string,10089,"?? ??? ???? ???????.
??? ???????",,
195,3,string,10090,????? ???,,??????
196,3,string,10091,???? ?? ?? ???? ??? ???? ? ??? ?????.,,??????
197,3,string,10092,"??, ???? ?? ??? ???, ??? ?????. ?????, ??? ??? ?? '??'??? ?????.",,
198,3,string,10093,??? ??????,,
199,3,string,10094,?? ?? ???? ??? ?????.,,
200,3,string,10095,??? : %d%%,,?????
201,3,string,10096,%s ? %d? ???????.,,
202,3,string,10097,%s ? %d? ?????.,,
203,3,string,10098,%s ? %d? %d mito? ??????.,,
204,3,string,10099,%s ? %d? %d mito? ??????.,,
205,3,string,10100,%s ? ??????.,,
206,3,string,10101,%s ? ?? ??????.,,
207,3,string,10102,%s ????? ??. %d mito ??,,
208,3,string,10103,%s ????? ??. %d mito ??,,
209,3,string,10104,%s ????? ?? + ??? ??. %d mito ??,,
210,3,string,10105,%s? %d? ??????.,,
211,3,string,10106,??? ??????.,,
212,3,string,10107,???? ??????.,,
213,3,string,10108,%s? ??????.,,
214,3,string,10109,"%s??? ??? ???????.
(%s ??)",,
215,3,string,10110,"%s??? ??? ???????.
(%s %d?)",,
216,3,string,10111,"%s????? ? ??? ??? ????? ??????.
(%s ??)",,
217,3,string,10112,"%s????? ? ??? ??? ????? ??????.
(%s %d?)",,
218,3,string,10113,%s? ??????.,,
219,3,string,10114,%s? ??????.,,
220,3,string,10115,%s? ??????.,,
221,3,string,10116,%s? ?????.,,
222,3,string,10117,%s? ??? ??????.,,
223,3,string,10118,??? ?? ????.,,
224,3,string,10119,%s ? %d mito? ??????.,,
225,3,string,10120,%s? ???????.,,
226,3,string,10121,[%s] ???. ?? ??.,,
227,3,string,10122,[%s] ???? ?????.,,
228,3,string,10123,[%s] ??.,,
229,3,string,10124,[%s] ??.,,
230,3,string,10125,???? ?? ??????,,
231,3,string,10126,[%s] ??? <%s> ??.,,
232,3,string,10127,[%s] ??? <%s> ??.,,
233,3,string,10128,[%s] ??? <%s> ?? ??.,,
234,3,string,10129,[%s] ??? <%s> ?? ??.,,
235,3,string,10130,???? ?? ??.,,
236,3,string,10131,???? ?? ??.,,
237,3,string,10132,???? ?? ??.,,
238,3,string,10133,[%s] ????? ?????.,,
239,3,string,10134,Exp. %d Mito. %d <???>,,
240,3,string,10135,Exp. %d Mito. %d <???>,,
241,3,string,10136,Exp. %d Mito. %d <???>,,
242,3,string,10137,[%s] ??.,,
243,3,string,10138,????? ?????.,,
244,3,string,10139,?????? ?????.,,
245,3,string,10140,???? ?????.,,
246,3,string,10141,"????? ??????
???,????,????
????? ???.",,
247,3,string,10142,?? ??? %d? ?? ?????.,,???????
248,3,string,10143,?? ?? %d? ??. ??? ??? ? ????.,,
249,3,string,10144,???? %d? ??. ??? ??? ? ????.,,
250,3,string,10145,??? ?? %d? ??. ??? ??? ? ????.,,
251,3,string,10146,?? ?? %d? ??. ??? ??? ? ????.,,
252,3,string,10147,???? %d? ??. ??? ??? ? ????.,,
253,3,string,10148,???? ?? %d? ??. ??? ??? ? ????.,,
254,3,string,10149,???? ?? %d? ??. ??? ?? ?? ????.,,
255,3,string,10150,?? ?? %d? ??. ??? ??? ? ????.,,
256,3,string,10151,????? %d? ??. ??? ??? ? ????.,,
257,3,string,10152,???? ???,,
258,3,string,10153,???? ???,,
259,3,string,10154,???? ??? ???,,
260,3,string,10155,4 ?? ???,,
261,3,string,10156,5.1 ?? ???,,
262,3,string,10157,7.1 ?? ???,,
263,3,string,10158,?? ???,,
264,3,string,10159,%5u ? %5u ? (??),,
265,3,string,10160,%5u ? %5u ? (??),,
266,3,string,10161,%5d ?,,
267,3,string,10162,????? ?????.,,
268,3,string,10163,%s ?? ?? ??? ?????.,,
269,3,string,10164,%s ?? ?? ???? ?? ?? ?? ?? ? ? ????.,,
270,3,string,10165,"%s
??: %d??
",,
271,3,string,10166,??? ??? ??,,
272,3,string,10167,"?????. ??????? ???.
???? ??? ?? ?? ????~",,
273,3,string,10168,%s ? ??,,
274,3,string,10169,?? ? ??,,
275,3,string,10170,?? ?? ???? ??? ? ?? ????.,,
276,3,string,10171,"???? ??? ?? ???? ?????.
?????????",,
277,3,string,10172,%d EXP ??,,
278,3,string,10173,%d Mito ??,,
279,3,string,10174, %d?,,
280,3,string,10175, %d?,,
281,3,string,10176, +%d?,,
282,3,string,10177, [??],,
283,3,string,10178,??? ??.,,
284,3,string,10179,%s (%d? %d? %2d),,
285,3,string,10180,"??? ??? ????? ?????.
??? ????? ????.",,
286,3,string,10181,??? ????,,
287,3,string,10182,? ??? ???? ?? ?? ?????.,,
288,3,string,10183,%s <???>,,
289,3,string,10184,%s (%d? %d?),,
290,3,string,10185,?? ?? ????.,,
291,3,string,10186,?????? ????? ?? ? ????.,,
292,3,string,10187,???? ????? ????.,,
293,3,string,10188,??? ????? ??? ? ????.,,
294,3,string,10189,????? ????????,,
295,3,string,10190,???? ?? ? ????.,,
296,3,string,10191,???? ? ????? ?? ? ????.,,
297,3,string,10192,???? ?? ????.,,
298,3,string,10193,??? ???? ??? ? ????.,,
299,3,string,10194,???? ????????,,
300,3,string,10195,%s <??>,,
301,3,string,10196,"?? ???? '%s'? ???????.
'%s'? ?????????",,
302,3,string,10197,???? : %02u? %02u?,,
303,3,string,10198,???,,
304,3,string,10199,??,,
305,3,string,10200,?? ???? ?? ???? ????.,,
306,3,string,10201,(?? : %d ?),,
307,3,string,10202,??? ?? ? ? ????.,,
308,3,string,10203,????? ?????.,,
309,3,string,10204,??? ?? ????.,,
310,3,string,10205,????? ????,,
311,3,string,10206,?? ???,,
312,3,string,10207,???? ?? ???,,
313,3,string,10208,????? ?? ???,,
314,3,string,10209,??? ?? ???,,
315,3,string,10210,??,,
316,3,string,10211,???? ??,,
317,3,string,10212,????? ??,,
318,3,string,10213,??? ??,,
319,3,string,10214,%d ??,,
320,3,string,10215,???? %4d M,,
321,3,string,10216,???? %4.1f Km,,
322,3,string,10217,????? ?????.,,
323,3,string,10218,"????? ?????.
????? ?? ?????.",,
324,3,string,10219,???????.,,
325,3,string,10220,????,,
326,3,string,10221,????,,
327,3,string,10222,? %s,,
328,3,string,10223,??? ????,,??? ?????
329,3,string,10224,?? ???,,
330,3,string,10225,??? ??,,
331,3,string,10226,??? ???,,
332,3,string,10227,? ????,,
333,3,string,10228,???? ?????,,
334,3,string,10229,?? ??,,
335,3,string,10230,??? ?? ??,,
336,3,string,10231,?????,,
337,3,string,10232,??? ?,,
338,3,string,10233,8?,,
339,3,string,10234,16?,,
340,3,string,10235,"??? ?? ??????.
????? ???? ??? ???? ??? ?????.",,
341,3,string,10236,???,,
342,3,string,10237,???,,
343,3,string,10238,???,,
344,3,string,10239,PvP?? %I64d ??? ???????.,,
345,3,string,10240,"%s ??
??????????",,
346,3,string,10241,?? ???? ??? %d ??? ???? ?????.,,
347,3,string,10242,???: %s,,
348,3,string,10243,???: %s,,
349,3,string,10244,%d ?,,
350,3,string,10245,????,,
351,3,string,10246,??????,,
352,3,string,10247,??? ??,,
353,3,string,10248,????,,
354,3,string,10249,????,,
355,3,string,10250,??????,,
356,3,string,10251,??????,,
357,3,string,10252,????,,
358,3,string,10253,?????,,
359,3,string,10254,N/A,,
360,3,string,10255,?,,
361,3,string,10256,?,,
362,3,string,10257,?,,
363,3,string,10258,?? ??,,
364,3,string,10259,?? ??? ?? ??? ?? ??? ?????? ??????,,
365,3,string,10260,?? ?? ??? ??????.,,
366,3,string,10261,???? ?? ??? ??????.,,
367,3,string,10262,??? ?? ??? ??????.,,
368,3,string,10263,?? ?? ??? ??????.,,
369,3,string,10264,???? ??? ??????.,,
370,3,string,10265,???? ?? ??? ??????.,,
371,3,string,10266,???? ?? ??? ??????.,,
372,3,string,10267,?? ??? ??????.,,
373,3,string,10268,????? ??? ??????.,,
374,3,string,10269,??? ?? ? ????.,,
375,3,string,10270,"??????!

?? ?? %d? ??. ??? ???? ????.

???? ????? ?? ?????? ??? ??? ????!",,
376,3,string,10271,"???? %d? ??. ??? ???? ????.

???? ????? ?? ?????? ??? ??? ????!",,
377,3,string,10272,"??? ?? %d? ??. ??? ???? ????.

???? ????? ?? ?????? ??? ??? ????!",,
378,3,string,10273,"?? ?? %d? ??. ??? ???? ????.

???? ????? ?? ?????? ??? ??? ????!",,
379,3,string,10274,"???? %d? ??. ??? ???? ????.

???? ????? ?? ?????? ??? ??? ????!",,
380,3,string,10275,"???? ?? %d? ??. ??? ???? ????.

???? ????? ?? ?????? ??? ??? ????!",,
381,3,string,10276,"???? ?? %d? ??. ??? ???? ????.

???? ????? ?? ?????? ??? ??? ????!",,
382,3,string,10277,"?? ?? %d? ??. ??? ???? ????.

???? ????? ?? ?????? ??? ??? ????!",,
383,3,string,10278,"????? %d? ??. ??? ???? ????.

???? ????? ?? ?????? ??? ??? ????!",,
384,3,string,10279,?? 25?? ??,,
385,3,string,10280,%d?,,
386,3,string,10281,????: ?? ? %d?,,
387,3,string,10282,????: ??,,
388,3,string,10283,"??? ??? ?????.
?????? ?????.",,
389,3,string,10284,??? ???? ?? ??? ??????.,,
390,3,string,10285,??? ??? ????.,,
391,3,string,10286,???? ??? ??? ???? ??? ????.,,
392,3,string,10287,???? ??? ?? ? ????.,,
393,3,string,10288,??,,
394,3,string,10289,??? ???? ?? ???? ???? ??? ?????. ?? ?? ????????,,
395,3,string,10290,? ??? ?? ????? ????? ?????? ?? ?? ??? ??????.,,
396,3,string,10291,128x128 ????? ???,,
397,3,string,10292,??? ??? ?????.,,
398,3,string,10293,??? ?????.,,
399,3,string,10294,"??? ??? ?????.
?????? ?????.",,
400,3,string,10295,???? ?????.,,
401,3,string,10296,??? ???? ? ????.,,
402,3,string,10297,??? ?????.,,
403,3,string,10298,?? ??? ???? ???.,,
404,3,string,10299,??? ?? ??.,,
405,3,string,10300,???? ?????.,,
406,3,string,10301,%s (%d?),,
407,3,string,10302,%d ?,,
408,3,string,10303,??? :,,
409,3,string,10304,????/??,,
410,3,string,10305,??? ??? ???? ??? ???.,,
411,3,string,10306,??? %d? ???,,
412,3,string,10307,?? ???,,
413,3,string,10308,?? ? : %d,,
414,3,string,10309,??? ?,,
415,3,string,10310,??? ??,,
416,3,string,10311,?? ??? ? ?? ???? ?? ???? ??? ????.,,
417,3,string,10312,? ??? ?????. (????? ? ??? ?? ? ? ????.,,
418,3,string,10313,??? ?? ??? ? ? ?? ??? %s Mito ???.,,
419,3,string,10314,?? ?? ? ??? ??? %u ????? ???.,,
420,3,string,10315,?? ??? ????.,,
421,3,string,10316,? ??? ???? ?? ?? ? ????? ????.,,
422,3,string,10317,7??? ???? ???? ? ??? ?? ? ? ????.,,
423,3,string,10318,?? ???,,
424,3,string,10319,?? ????? %02d? %02d?? %02d? %02d? ?????.,,
425,3,string,10320,??? ??????.,,
426,3,string,10321,(%u?),,
427,3,string,10322,%u?? %s,,
428,3,string,10323,%d ?,,
429,3,string,10324,%u??,,
430,3,string,10325,"?? ??? ??
???? ??? ??
? ? ????.",,
431,3,string,10326,"????? 3???? ??
? ?? ???? ??? ???.
?? ????????",,
432,3,string,10327,"????? ???
?? ???? ?? ???.
?? ????????",,
433,3,string,10328,?? ??? ?????.,,
434,3,string,10329,?? ???? ?????.,,
435,3,string,10330,??? ??? ????.,,
436,3,string,10331,?? ????? ????.,,
437,3,string,10332,???? ?????.,,
438,3,string,10333,%s?? %s??,,
439,3,string,10334,????? ??????,,
440,3,string,10335,OMD???? ?????.,,
441,3,string,10336,??? ?????????,,
442,3,string,10337,??? ??? ?????????,,
443,3,string,10338,?? ?? ?? : %s Mito,,
444,3,string,10339,?? ?? : %u,,
445,3,string,10340,%d ? ????,,
446,3,string,10341,?? %s ?? ?? ?? ? ???.,,
447,3,string,10342,%d ??? ???? ? %s ???.,,
448,3,string,10343,?? ?,,
449,3,string,10344,1 Round,,
450,3,string,10345,2 Round,,
451,3,string,10346,Final Round,,
452,3,string,10347,%d??,,
453,3,string,10348,?%d ?? ??,,
454,3,string,10349,????? %s vs ??? %s,,
455,3,string,10350,%d?? ?%d?? %d??? ??,,
456,3,string,10351,%d?? ?%d?? %d????? %s?? ??,,
457,3,string,10352,????,,
458,3,string,10353,?? + %u,,
459,3,string,10354,????,,
460,3,string,10355,?? + %u,,
461,3,string,10356,????,,
462,3,string,10357,?? + %u,,
463,3,string,10358,?????,,
464,3,string,10359,??? + %u,,
465,3,string,10360,???? %d,,
466,3,string,10361,%s?(??) ??!,,
467,3,string,10362,%s?(??) ??!,,
468,3,string,10363,%s?(??) ??!!!,,
469,3,string,10364,%s??? ????? ???? ?? ?? ???? ??? ???.,,
470,3,string,10365,%s?(??) %d?!,,
471,3,string,10366,%s??? ????? ??? ? ?? ??? ?????.,,
472,3,string,10367,%s??? ????? ??? ??? ??? ?????.,,
473,3,string,10368,%s?(??) ??!,,
474,3,string,10369,%d?? ?? ??!,,
475,3,string,10370,????? ?? ??? %d??? ??? %s??? ?????.,,
476,3,string,10371,%s?(??) ??!,,
477,3,string,10372,????? ???? ?? ???? ?? ?? ? ? ????.,,
478,3,string,10373,%s?(??) %d?!,,
479,3,string,10374,%s??? ????? ???? ? ?? ??? ?????.,,
480,3,string,10375,%s??? ????? ???? ??? ??? ?????.,,
481,3,string,10376,%d??? ??!,,
482,3,string,10377,????? ?? ???? %d??? ???? ?????,,
483,3,string,10378,????? ?? ? ? ????.,,
484,3,string,10379,??? ?????????,,
485,3,string,10380,32x32 ??? ???,,
486,3,string,10381,"????? 5,000 bytes ??? ?????.",,
487,3,string,10382,??? ??????.,,
488,3,string,10383,????? ?????.,,
489,3,string,10384,? ??????.,,
490,3,string,10385,???,,
491,3,string,10386,1?,,
492,3,string,10387,2?,,
493,3,string,10388,??? ?? ? ? ????.,,
494,3,string,10389,"??? %s? ???
?????????",,
495,3,string,10390,??,,
496,3,string,10391,?? ??? ??? ??? ???? ????.,,
497,3,string,10392,??? ??? ? ? ????.,,
498,3,string,10393,??? ? ? ?? ??????.,,
499,3,string,10394,?? ? ??? ?????.,,
500,3,string,10395,??? ??,,?????
501,3,string,10396,?? ??~,,?????????
502,3,string,10397,??? ???,,
503,3,string,10398,???? %d??,,
504,3,string,10399,<???>,,
505,3,string,10400,?? %d?? ?? ??,,
506,3,string,10401,"?? ??? %d
?? ??? %d
?? ??? %d
??? ??? %d
",,
507,3,string,10402,"???? %d
???? %d
???? %d
????? %d",,
508,3,string,10403,"???? %dkm
?? ?? %dL
?? %.3fkm",,
509,3,string,10404,%d ? %d??,,
510,3,string,10405,?? ??,,
511,3,string,10406,"%s
?? + %d",,
512,3,string,10407,"%s
?? + %d",,
513,3,string,10408,"%s
?? + %d",,
514,3,string,10409,"%s
??? + %d",,
515,3,string,10410,"%s%d?/??? %d
",,
516,3,string,10411,??/??? %d,,
517,3,string,10412,"%s ?? ???? ????
????? ???????.",,
518,3,string,10413,"%s ?? ???? ???
????? ???????.",,
519,3,string,10414,?????? %s ?? ??????? ??????.,,
520,3,string,10415,%s ??? %s ??? ????? ???????.,,
521,3,string,10416,%s ?? ?? ?? ??? ???? ????.,,
522,3,string,10417,%s ?? ??? ??? ?????????,,
523,3,string,10418,?? ????? ??? ??? ?? ??? ??? ?? ????. ?? ????????,,
524,3,string,10419,?? ??? ??? ??? ???? ????.,,
525,3,string,10420,?? ? ??? ?????.,,
526,3,string,10421,?? ? ??? ?????.,,
527,3,string,10422,%d ??,,
528,3,string,10423,"?????
?????? ? ? ????.",,
529,3,string,10424,"?????
????? ? ? ????.",,
530,3,string,10425,?? ????.,,
531,3,string,10426,??,,
532,3,string,10427,??,,
533,3,string,10428,??,,
534,3,string,10429,??,,
535,3,string,10430,???,,
536,3,string,10431,??,,
537,3,string,10432,??,,
538,3,string,10433,???,,
539,3,string,10434,???,,
540,3,string,10435,???,,
541,3,string,10436,???,,
542,3,string,10437,?,,
543,3,string,10438,???? ?????.,,
544,3,string,10439,?? ??? ??? ??? ???? ????.,,
545,3,string,10440,??? ?? ? ? ????.,,
546,3,string,10441,??? ??? ???.,,
547,3,string,10442,??? ??? ???.,,
548,3,string,10443,?? ????? ?? ?? ??? ? ????.,,
549,3,string,10444,"??? ????(5%%) %d mito? ?????.
?? ?? 7? ??? ??? ??? ??? ?? ???.",,
550,3,string,10445,??? ?? ?? ??????.,,
551,3,string,10446,??? ??? ?????.,,
552,3,string,10447,?? ??? ?????.(?? 20?),,
553,3,string,10448,??? ??? ?? ? ????.,,
554,3,string,10449,?? ??? ???? ????.,,
555,3,string,10450,??? ? ??? ????.,,
556,3,string,10451,?? ?? ??? ????.,,
557,3,string,10452,????? ?? ???? ?? ??????.,,
558,3,string,10453,?? ? ? ?? ?????.,,
559,3,string,10454,????? ?? ??????.,,
560,3,string,10455,??? ?? ?? ???? ??? ????.,,
561,3,string,10456,??? ?? ??????.,,
562,3,string,10457,?? ??? ?????.,,
563,3,string,10458,%s %d?,,
564,3,string,10459,%d-%d-%d (%d?),,
565,3,string,10460,???,,
566,3,string,10461,%d/%d ??,,
567,3,string,10462,"1???? %dEXP, ?? ??? %dEXP",,
568,3,string,10463,? X %u,,???????
569,3,string,10464,? X %u,,???????
570,3,string,10465,?? X %u,,???????
571,3,string,10466,?? X %u,,???????
572,3,string,10467,??? ??? ????.,,
573,3,string,10468,??? ???? ?????????,,
574,3,string,10469,%s ?? ?? ?? ??? ?? ?? ????.,,
575,3,string,10470,???? ??????.,,
576,3,string,10471,???? ??????.,,
577,3,string,10472,%s ?? ????? ???????.,,
578,3,string,10473,%s ?? ????? ???????.,,
579,3,string,10474,[%s]??? ???: %s,,???
580,3,string,10475,[%s]?? ???: %s,,???
581,3,string,10476,??? ?? %d?? ???? ?????.,,???
582,3,string,10477,/???,,
583,3,string,10478,/???,,
584,3,string,10479,/??,,
585,3,string,10480,/???,,
586,3,string,10481,BGM ??? ??? ?????~,,
587,3,string,10482,SkidRush BGM Mode...,,
588,3,string,10483, + ????,,
589,3,string,10484,Lv. (%u) ??,,
590,3,string,10485,???? : %u,,
591,3,string,10486,???? : %u,,
592,3,string,10487,?? ??? ?? ??.,,
593,3,string,10488,??? ?? ?? ? ? ????,,
594,3,string,10489,??? ?? ???? ????.,,
595,3,string,10490,??? ??? ?? ? ? ????.,,
596,3,string,10491,???? ??? ??? ? ????.,,
597,3,string,10492,??? ???? ??? ??? ?? ????.,,
598,3,string,10493,?????,,
599,3,string,10494,????,,
600,3,string,10495,????,,
601,3,string,10496,????,,
602,3,string,10497,?????,,
603,3,string,10498,?????,,
604,3,string,10499,??? ??? ?? ??? ??? ? ????.,,
605,3,string,10500,??? ?????.,,
606,3,string,10501,???? ?? ??? ????? ?????.,,"??? ????? ???? ??
(?? ??? ??.-???? ???? ?? ? ??)"
607,3,string,10502,"??? ? ?? ??? ?????.
??? ???? ? ?? ??? ????.",,????? ??? ???? ??
608,3,string,10503,"????? ?? ?????. 
(?? 4?? ??, ??/?? 8?? ??)",,??? ? ????? ???? ?? ??
609,3,string,10504,????,,
610,3,string,10505,?? ???? ???? ?????.,,"??? ???? ??? 1?? ??
(????)"
611,3,string,10506,???? ??? ?????.,,
612,3,string,10507,"??? ?????.
????? ??? ??? ?????.",,?? ????? ???? ??? ?????? ?? ??? [????]??? ?? ??
613,3,string,10508," ???? ??? ??? ???.
(???? ???? ?? ?? ??? ? ? ????.) ",,
614,3,string,10509,"?? ???? ???? ?????.
???? ???? ?? ? ? ????.",,"1??? ???? ????? ? ??? ?? ?. ?, ???? ?? ?"
615,3,string,10510,"???? ?????.
??: ",,??? ?????? ???? ????? ???? ?? ??? ?
616,3,string,10511,??,,
617,3,string,10512,"???? ??? ????
 ??? ? ????.

??: ",,
618,3,string,10513,"???? MD ??

? ?????.
   ??? ??? ?? ??? ???? ?? ???? ???.
   ??? ?? ???? ??? ?? ? ???, ?? ????
   ????? ??? ? ????.
   ?? ???? ???? ? ????? ??? ???.  
   
? ??/?? ??.
    ?????? ???? ??? ????? ?????
    ?????? ??, ???? ? ????. 
    (?, ?? ? ?? ???? ??? ?????.)
    ?????? ???? ??? ?? ? ???? ????
    ?????? ??, ???? ??? ?? ? ????.

? ??? ????.
  ????? ???? ??? ?? ????? ???? ??
  ? ? ????.
  ??? ???? ??/??/??/??/?? ? ? ????.
  ?? ?? ??? 1588-3810?? ???? ? ????.
  (24?? ?? ??)",,????
619,3,string,10514,???? : ,,???? ???
620,3,string,10515,??,,??? ?? ????
621,3,string,10516, ?? ?? ??? ??? ??? ??? ??? ? ????? 1????.??? ??? ?? ???? ?? ?? ?? ? ??? ??????. ,, [???? ????]?? 
622,3,string,10517,"???? ??? ???? ??????.
?? ?? ?????????",,
623,3,string,10518,??? ?? ????? ?????.,,???? ??? ???? [???]??? ?? ??
624,3,string,10519,???? ?????.,,??? ??? ????? ????? ?? [????]??? ?? ??
625,3,string,10520,"?? ? ? ????. 
????? ??? ?????.",,"????? ????, ??? ?? ?? ??? ? ?? ??"
626,3,string,10521,"??? ? ?? ?????. 
??? ??? ??? ?????.",,????? ??? ? ?? ??? ?? ??? [????]??? ?? ??
627,3,string,10522,????? ???,,
628,3,string,10523,??,,
629,3,string,10524,%s ?? ?? ??? ?????????,,
630,3,string,10525,"??, ???? ?? ??? ?? ?, ??? ?????. ? ?? ??? ??? ?? '??'??? ?????.",,
631,3,string,10526,?? ????? ???????. ??? ?????????,,
632,3,string,10527,??? ?????.,,
633,3,string,10528,??? ??? ???.,,
634,3,string,10529,[??]??? ???? ??? ???? ? ????.,,???? 1??? ?? ???? ???? ???
635,3,string,10530,???? ???? ??? ?????.,,?? ?? ???
636,3,string,10531,"???? ?????, ??? ?? ??? ?? ????, ??? ? ?? ???.
??? ?????????",,??? [????]??? ?? ??
637,3,string,10532,??? ?????.,,
638,3,string,10533,????? ????? ??? ? ????.,,
639,3,string,10534,???? ??? ? ????. ,,
640,3,string,10535,???? ??? ? ????. ,,
641,3,string,10536,??? ??,,
642,3,string,10537,??? ??? ????.,,
643,3,string,10538,???? ??? ?????.,,
644,3,string,10539,????? ??? ???.,,
645,3,string,10540,????,,
646,3,string,10541,?? - ????,,
647,3,string,10542,?? - ????,,
648,3,string,10543,?? - ?????,,
649,3,string,10544,?? - ???,,
650,3,string,10545,<?? ???>,,
651,3,string,10546,<?? ????>,,
652,3,string,10547,<????>,,
653,3,string,10548,??? ?????????,,
654,3,string,10549,???? %d?,,
655,3,string,10550,"???? ???? ?????.
??? ???? ???? ?? ??? ????? ??? ????, ?? ????? ??? ??????.",,
656,3,string,10551,??? %d,,
657,3,string,10552,,,
658,3,string,10553,,,
659,3,string,10554,,,
660,3,string,10555,,,
661,3,string,10556,,,
662,3,string,10557,,,
663,3,string,10558,,,
664,3,string,10559,,,
665,3,string,10560,,,
666,3,string,10561,,,
667,3,string,10562,,,
668,3,string,10563,,,
669,3,string,10564,,,
670,3,string,10565,,,
671,3,string,10566,,,
672,3,string,10567,,,
673,3,string,10568,,,
674,3,string,10569,,,
675,3,string,10570,,,
676,3,string,10571,,,
677,3,string,10572,,,
678,3,string,10573,,,
679,3,string,10574,,,
680,3,string,10575,,,
681,3,string,10576,,,
682,3,string,10577,,,
683,3,string,10578,,,
684,3,string,10579,,,
685,3,string,10580,,,
686,3,string,10581,,,
687,3,string,10582,,,
688,3,string,10583,,,
689,3,string,10584,,,
690,3,string,10585,,,
691,3,string,10586,,,
692,3,string,10587,,,
693,3,string,10588,,,
694,3,string,10589,,,
695,3,string,10590,,,
696,3,string,10591,,,
697,3,string,10592,,,
698,3,string,10593,,,
699,3,string,10594,,,
700,3,string,10595,,,
701,3,string,10596,,,
702,3,string,10597,,,
703,3,string,10598,,,
704,3,string,10599,,,
705,3,string,10600,,,
706,3,string,10601,,,
707,3,string,10602,,,
708,3,string,10603,,,
709,3,string,10604,,,
710,3,string,10605,,,
711,3,string,10606,,,
712,3,string,10607,,,
713,3,string,10608,,,
714,3,string,10609,,,
715,3,string,10610,,,
716,3,string,10611,,,
717,3,string,10612,,,
718,3,string,10613,,,
719,3,string,10614,,,
720,3,string,10615,,,
721,3,string,10616,,,
722,3,string,10617,,,
723,3,string,10618,,,
724,3,string,10619,,,
725,3,string,10620,,,
726,3,string,10621,,,
727,3,string,10622,,,
728,3,string,10623,,,
729,3,string,10624,,,
730,3,string,10625,,,
731,3,string,10626,,,
732,3,string,10627,,,
733,3,string,10628,,,
734,3,string,10629,,,
735,3,string,10630,,,
736,3,string,10631,,,
737,3,string,10632,,,
738,3,string,10633,,,
739,3,string,10634,,,
740,3,string,10635,,,
741,3,string,10636,,,
742,3,string,10637,,,
743,3,string,10638,,,
744,3,string,10639,,,
745,3,string,10640,,,
746,3,string,10641,,,
747,3,string,10642,,,
748,3,string,10643,,,
749,3,string,10644,,,
750,3,string,10645,,,
751,3,string,10646,,,
752,3,string,10647,,,
753,3,string,10648,,,
754,3,string,10649,,,
755,3,string,10650,,,
756,3,string,10651,,,
757,3,string,10652,,,
758,3,string,10653,,,
759,3,string,10654,,,
760,3,string,10655,,,
761,3,string,10656,,,
762,3,string,10657,,,
763,3,string,10658,,,
764,3,string,10659,,,
765,3,string,10660,,,
766,3,string,10661,,,
767,3,string,10662,,,
768,3,string,10663,,,
769,3,string,10664,,,
770,3,string,10665,,,
771,3,string,10666,,,
